#:Hit_ID	REBASE_name	Model_ID	Region_name	Alignment_coords	Region_coords	Region_coords_HMM	Alignment_frags
M.Mbo45V:0045988:87-467	M.Mbo45V	0045988	S7-S4	87-467	87-122	9-37	NKPTNTLIIGENYDALKNLIViesqsETvnYDVIYI
M.Mbo45V:0045988:87-467	M.Mbo45V	0045988	Hu2-S1	87-467	127-237	42-150	NTESslsdgnnlsekddvgssKFIYrDKFSRTGWLNMLNERLRMAKQLLKEDGVIFVSIDDSEQA-------YLKVLMDEIFGEENF--IACVPAILNpSGRQVNT--------EIALTHEYILIYGG
M.Mbo45V:0045988:87-467	M.Mbo45V	0045988	Hd3-S5	87-467	400-421	234-255	AKPVELIKLLIKLHPNNNARIL
M.Mbo45V:0045988:87-467	M.Mbo45V	0045988	Hd2-Hd1	87-467	430-466	264-292	TGHAVMELNkedggnRCYTLVTNNENniATNVCYERL
M.Mbo45V:0045988:87-467	M.Mbo45V	0045988	sam_motif	87-467	422-429	256-263	DFYAGSGT
M.Mbo45V:0045988:87-467	M.Mbo45V	0045988	cat_motif	87-467	123-126	38-41	DPPY
M.Mbo45V:0037952:89-439	M.Mbo45V	0037952	S7-S4	89-439	89-122	1-29	--PTNTLIIGENYDALKNLiviesqsETVNYDVIYI
M.Mbo45V:0037952:89-439	M.Mbo45V	0037952	Hu2-S1	89-439	127-237	34-124	NTESSLsdgnnlsekddvgsskfiYRDKFSRTGWLNMLNERLRMAKQLLKEDGVIFVSIDDSEQAYLKVLMDEIFGeeNFIACVPAILNPSGRQVNTEIALTHEYILIYGG
M.Mbo45V:0037952:89-439	M.Mbo45V	0037952	sam_motif	89-439	422-429	218-225	DFYAGSGT
M.Mbo45V:0037952:89-439	M.Mbo45V	0037952	cat_motif	89-439	123-126	30-33	DPPY
M.Mbo45V:0037952:89-439	M.Mbo45V	0037952	Hd3-S5	89-439	400-421	196-217	AKPVELIKLLIKLHPNNNARIL
M.Mbo45V:0037952:89-439	M.Mbo45V	0037952	Hd2-Hd1	89-439	430-439	226-254	TGHAVMELNK-------------------
M.Mbo45V:0051816:109-182	M.Mbo45V	0051816	Hd3-S5	109-182		148-169	----------------------
M.Mbo45V:0051816:109-182	M.Mbo45V	0051816	sam_motif	109-182		170-177	--------
M.Mbo45V:0051816:109-182	M.Mbo45V	0051816	Hd2-Hd1	109-182		178-231	------------------------------------------------------
M.Mbo45V:0051816:109-182	M.Mbo45V	0051816	S7-S4	109-182	109-122	231-262	------------------ESQSETVNYDVIYI
M.Mbo45V:0051816:109-182	M.Mbo45V	0051816	cat_motif	109-182	123-126	263-266	DPPY
M.Mbo45V:0051816:109-182	M.Mbo45V	0051816	Hu2-S1	109-182	127-182	267-350	NTESSlsdgnnlsekddvgssKFIYRDKFSRTGwlNMLNERLRMAKQLLKEDGVIF----------------------------------------------
M.Mbo45V:0051816:332-493	M.Mbo45V	0051816	Hd3-S5	332-493	402-421	148-169	-PVELIKLLIKLHP-NNNARIL
M.Mbo45V:0051816:332-493	M.Mbo45V	0051816	sam_motif	332-493	422-429	170-177	DFYAGSGT
M.Mbo45V:0051816:332-493	M.Mbo45V	0051816	Hd2-Hd1	332-493	430-471	178-231	TGHAVMELNKEDGGN------------RCYTLVTNNENNIATNVCYERLYRINN
M.Mbo45V:0051816:332-493	M.Mbo45V	0051816	S7-S4	332-493	471-486	231-262	NGIY----------------TNNESNFDWIKK
M.Mbo45V:0051816:332-493	M.Mbo45V	0051816	cat_motif	332-493	487-490	263-266	NKPY
M.Mbo45V:0051816:332-493	M.Mbo45V	0051816	Hu2-S1	332-493	491-493	267-350	KSN--................------------..-------------------------------------------------------------------
M.Mbo45V:0052484:91-136	M.Mbo45V	0052484	Hu2-S1	91-136	127-136	189-272	NTESSLSDGN--------------------------------------------------------------------------
M.Mbo45V:0052484:91-136	M.Mbo45V	0052484	S7-S4	91-136	91-122	159-184	--NTLIIGENYDALKNLIviesqsEtvNYDVIYI
M.Mbo45V:0052484:91-136	M.Mbo45V	0052484	sam_motif	91-136		32-39	--------
M.Mbo45V:0052484:91-136	M.Mbo45V	0052484	cat_motif	91-136	123-126	185-188	DPPY
M.Mbo45V:0052484:91-136	M.Mbo45V	0052484	Hd3-S5	91-136		11-31	---------------------
M.Mbo45V:0052484:91-136	M.Mbo45V	0052484	Hd2-Hd1	91-136		40-67	-----..---........--------------------
M.Mbo45V:0052484:405-527	M.Mbo45V	0052484	Hu2-S1	405-527		189-272	------------------------------------------------------------------------------------
M.Mbo45V:0052484:405-527	M.Mbo45V	0052484	S7-S4	405-527	526-527	159-184	DF----------------......-..-------
M.Mbo45V:0052484:405-527	M.Mbo45V	0052484	sam_motif	405-527	422-429	32-39	DFYAGSGT
M.Mbo45V:0052484:405-527	M.Mbo45V	0052484	cat_motif	405-527		185-188	----
M.Mbo45V:0052484:405-527	M.Mbo45V	0052484	Hd3-S5	405-527	405-421	11-31	----LIKLLIKLHPNNNARIL
M.Mbo45V:0052484:405-527	M.Mbo45V	0052484	Hd2-Hd1	405-527	430-463	40-67	TGHAVmeLNKedggnrcyTLVTNNENNIATNVCY----
M.Mbo45V:0054378:100-188	M.Mbo45V	0054378	Hd3-S5	100-188		146-167	----------------------
M.Mbo45V:0054378:100-188	M.Mbo45V	0054378	sam_motif	100-188		168-175	--------
M.Mbo45V:0054378:100-188	M.Mbo45V	0054378	Hd2-Hd1	100-188		176-230	-------------------------------------------------------
M.Mbo45V:0054378:100-188	M.Mbo45V	0054378	S7-S4	100-188	100-122	230-250	-----DALKNLIViesqsetVNYDVIYI
M.Mbo45V:0054378:100-188	M.Mbo45V	0054378	cat_motif	100-188	123-126	251-254	DPPY
M.Mbo45V:0054378:100-188	M.Mbo45V	0054378	Hu2-S1	100-188	127-188	255-350	NTESSLSDgnnlsekddvgsskfIYRDKFSRTGWLNMLNERLRMAKQLLKEDGVIFVSIDDS-------------------------------------------------
M.Mbo45V:0054378:367-468	M.Mbo45V	0054378	Hd3-S5	367-468	402-421	146-167	-PVELIKLLIKL-HPNNNARIL
M.Mbo45V:0054378:367-468	M.Mbo45V	0054378	sam_motif	367-468	422-429	168-175	DFYAGSGT
M.Mbo45V:0054378:367-468	M.Mbo45V	0054378	Hd2-Hd1	367-468	430-468	176-230	TGHAVMELNKEDGGNR-------CYTLVTNNENNIATNVCYERLYR---------
M.Mbo45V:0054378:367-468	M.Mbo45V	0054378	S7-S4	367-468		230-250	-------------.......--------
M.Mbo45V:0054378:367-468	M.Mbo45V	0054378	cat_motif	367-468		251-254	----
M.Mbo45V:0054378:367-468	M.Mbo45V	0054378	Hu2-S1	367-468		255-350	--------...............----------------------------------------------------------------------------------------
M.Mbo45V:0045633:94-140	M.Mbo45V	0045633	S7-S4	94-140	94-122	55-77	--IIGENYDALKNLIviesqseTvNYDVIYI
M.Mbo45V:0045633:94-140	M.Mbo45V	0045633	Hu2-S1	94-140	127-140	82-173	NTESSLSDGNNLSE------------------------------------------------------------------------------
M.Mbo45V:0045633:94-140	M.Mbo45V	0045633	sam_motif	94-140		16-23	--------
M.Mbo45V:0045633:94-140	M.Mbo45V	0045633	cat_motif	94-140	123-126	78-81	DPPY
M.Mbo45V:0045633:94-140	M.Mbo45V	0045633	Hd3	94-140		306-322	-----------------
M.Mbo45V:0045633:94-140	M.Mbo45V	0045633	S5-Hd1	94-140		12-54	--------------------.....--...---------------------
M.Mbo45V:0045633:411-467	M.Mbo45V	0045633	S7-S4	411-467		55-77	---------------.......-.-------
M.Mbo45V:0045633:411-467	M.Mbo45V	0045633	Hu2-S1	411-467		82-173	--------------------------------------------------------------------------------------------
M.Mbo45V:0045633:411-467	M.Mbo45V	0045633	sam_motif	411-467	422-429	16-23	DFYAGSGT
M.Mbo45V:0045633:411-467	M.Mbo45V	0045633	cat_motif	411-467		78-81	----
M.Mbo45V:0045633:411-467	M.Mbo45V	0045633	Hd3	411-467		306-322	-----------------
M.Mbo45V:0045633:411-467	M.Mbo45V	0045633	S5-Hd1	411-467	418-467	12-54	ARILDFYAGSGTTGHAVMELnkedgGNrcyTLVTNNENNIATNVCYERLY-
